[
  {
    "key": "database",
    "position": 10,
    "title": "Databases",
    "linkedFrom": {
      "catalogCollection": {
        "items": [
          {
            "key": "graphdb",
            "title": "Graph Databases",
            "position": 5
          },
          {
            "key": "timedbs",
            "title": "Time Series Database",
            "position": 4
          },
          {
            "key": "data-warehouse",
            "title": "Data Warehouse",
            "position": 7
          },
          {
            "key": "nosql",
            "title": "NoSQL Database",
            "position": 2
          },
          {
            "key": "rds",
            "title": "Relational Databases",
            "position": 1
          },
          {
            "key": "dbtools",
            "title": "Management and Migration",
            "position": 11
          },
          {
            "key": "newsql",
            "title": "NewSQL Database",
            "position": 3
          },
          {
            "key": "memorydb",
            "title": "In-memory Database",
            "position": 6
          }
        ]
      }
    }
  },
  {
    "key": "ai",
    "position": 1,
    "title": "AI + Machine Learning",
    "linkedFrom": {
      "catalogCollection": {
        "items": [
          {
            "key": "ai-gateway",
            "title": "AI Gateway",
            "position": 1
          },
          {
            "key": "aiapps",
            "title": "AI Simulation",
            "position": null
          },
          {
            "key": "mvi",
            "title": "Machine Vision",
            "position": null
          },
          {
            "key": "dl",
            "title": "Deep Learning",
            "position": null
          },
          {
            "key": "aigc",
            "title": "AIGC",
            "position": 1
          }
        ]
      }
    }
  },
  {
    "key": "analytics",
    "position": 2,
    "title": "Data Analytics",
    "linkedFrom": {
      "catalogCollection": {
        "items": [
          {
            "key": "etl",
            "title": "Data Transformation",
            "position": 5
          },
          {
            "key": "data-integration",
            "title": "Data Integration",
            "position": 6
          },
          {
            "key": "business-intelligence",
            "title": "Business Intelligence",
            "position": 1
          },
          {
            "key": "storage-and-search",
            "title": "Storage and Search",
            "position": 4
          },
          {
            "key": "web-analytics",
            "title": "Web Analytics",
            "position": 3
          },
          {
            "key": "master-data",
            "title": "Master Data",
            "position": 2
          }
        ]
      }
    }
  },
  {
    "key": "industry",
    "position": 30,
    "title": "Industries ",
    "linkedFrom": {
      "catalogCollection": {
        "items": [
          {
            "key": "software-platform",
            "title": "Software Platform",
            "position": 10
          },
          {
            "key": "education",
            "title": "Education",
            "position": 10
          },
          {
            "key": "automotive",
            "title": "Automotive",
            "position": 10
          },
          {
            "key": "industrial-equipment",
            "title": "Industrial Equipment",
            "position": 10
          },
          {
            "key": "construction",
            "title": "Construction",
            "position": 10
          },
          {
            "key": "life",
            "title": "Life sciences",
            "position": null
          }
        ]
      }
    }
  },
  {
    "key": "business-operation",
    "position": 3,
    "title": "Business Operation",
    "linkedFrom": {
      "catalogCollection": {
        "items": [
          {
            "key": "legal",
            "title": "Legal",
            "position": 10
          },
          {
            "key": "erp",
            "title": "ERP",
            "position": 4
          },
          {
            "key": "finance-and-tax",
            "title": "Finance & Tax",
            "position": 2
          },
          {
            "key": "smart-manufacturing",
            "title": "Smart Manufacturing",
            "position": 1
          },
          {
            "key": "scm",
            "title": "Supply Chain & Logistics",
            "position": 6
          },
          {
            "key": "helpdesk",
            "title": "Customer Service",
            "position": null
          },
          {
            "key": "ehr",
            "title": "Human Resources",
            "position": 3
          },
          {
            "key": "crm",
            "title": "CRM",
            "position": null
          },
          {
            "key": "strategy",
            "title": "Strategy",
            "position": 10
          },
          {
            "key": "srm",
            "title": "Supplier management",
            "position": 10
          },
          {
            "key": "plm",
            "title": "PLM & PDM",
            "position": 5
          },
          {
            "key": "partner-management",
            "title": "Partner Management",
            "position": 10
          },
          {
            "key": "marketing",
            "title": "Marketing",
            "position": 3
          }
        ]
      }
    }
  },
  {
    "key": "automation",
    "position": 8,
    "title": "Automation",
    "linkedFrom": {
      "catalogCollection": {
        "items": [
          {
            "key": "pipeline",
            "title": "Pipeline",
            "position": 3
          },
          {
            "key": "workflowauto",
            "title": "Workflow automation",
            "position": 12
          },
          {
            "key": "rpa",
            "title": "RPA",
            "position": 1
          }
        ]
      }
    }
  },
  {
    "key": "architecture",
    "position": 22,
    "title": "IT Architecture",
    "linkedFrom": {
      "catalogCollection": {
        "items": [
          {
            "key": "backup",
            "title": "Backup & Restore",
            "position": 10
          },
          {
            "key": "workflow",
            "title": "Work Flow",
            "position": null
          },
          {
            "key": "search",
            "title": "Search Engine",
            "position": null
          },
          {
            "key": "api",
            "title": "API Gateway",
            "position": null
          },
          {
            "key": "gis",
            "title": "GIS Service",
            "position": null
          },
          {
            "key": "docs",
            "title": "Document Service",
            "position": null
          },
          {
            "key": "mq",
            "title": "Message Queue",
            "position": null
          },
          {
            "key": "application-gateway",
            "title": "Application Gateway",
            "position": 10
          },
          {
            "key": "licensing",
            "title": "Licensing and distribution",
            "position": 10
          },
          {
            "key": "subscriptions-and-billing",
            "title": "Subscriptions and billing",
            "position": 10
          },
          {
            "key": "email",
            "title": "Email Server",
            "position": 1
          },
          {
            "key": "balancer",
            "title": "Load Balancer",
            "position": null
          },
          {
            "key": "runtime",
            "title": "Web Runtime",
            "position": 0
          },
          {
            "key": "container",
            "title": "Container",
            "position": null
          },
          {
            "key": "games",
            "title": "Game Engine",
            "position": null
          },
          {
            "key": "oss",
            "title": "Object Storage",
            "position": null
          },
          {
            "key": "video-server",
            "title": "Video Server",
            "position": 10
          },
          {
            "key": "httpserver",
            "title": "HTTP Server",
            "position": null
          },
          {
            "key": "key-management",
            "title": "Key Management",
            "position": 10
          }
        ]
      }
    }
  },
  {
    "key": "iot",
    "position": 11,
    "title": "IoT",
    "linkedFrom": {
      "catalogCollection": {
        "items": [
          {
            "key": "mqtt",
            "title": "MQTT",
            "position": 10
          },
          {
            "key": "device-security",
            "title": "Device Security",
            "position": 10
          },
          {
            "key": "device-management",
            "title": "Device Management",
            "position": 10
          }
        ]
      }
    }
  },
  {
    "key": "itdeveloper",
    "position": 21,
    "title": "IT Developer",
    "linkedFrom": {
      "catalogCollection": {
        "items": [
          {
            "key": "repository",
            "title": "Code Repository",
            "position": 1
          },
          {
            "key": "testing",
            "title": "TestPlan",
            "position": 4
          },
          {
            "key": "artifact-repository",
            "title": "Artifact Repository",
            "position": 2
          },
          {
            "key": "agile",
            "title": "Agile Boards",
            "position": 10
          },
          {
            "key": "softwarechain",
            "title": "Software supply chain",
            "position": 11
          },
          {
            "key": "devops",
            "title": "DevOps All",
            "position": 0
          },
          {
            "key": "orchestration",
            "title": "Application orchestration",
            "position": 5
          },
          {
            "key": "runtime",
            "title": "Web Runtime",
            "position": 0
          },
          {
            "key": "ide",
            "title": "Web IDE",
            "position": 6
          },
          {
            "key": "pipeline",
            "title": "Pipeline",
            "position": 3
          },
          {
            "key": "webframework",
            "title": "Web Framework",
            "position": null
          },
          {
            "key": "low-code",
            "title": "Low Code and No Code",
            "position": 12
          }
        ]
      }
    }
  },
  {
    "key": "blockchain",
    "position": 12,
    "title": "Blockchain",
    "linkedFrom": {
      "catalogCollection": {
        "items": [
          {
            "key": "ledger-node-server",
            "title": "Ledger Node Server",
            "position": 10
          },
          {
            "key": "digital-records",
            "title": "Digital Records",
            "position": 10
          }
        ]
      }
    }
  },
  {
    "key": "itdevops",
    "position": 23,
    "title": "IT Monitor",
    "linkedFrom": {
      "catalogCollection": {
        "items": [
          {
            "key": "backup",
            "title": "Backup & Restore",
            "position": 10
          },
          {
            "key": "desktop",
            "title": "Linux Desktop",
            "position": null
          },
          {
            "key": "cpm",
            "title": "Multicloud Management",
            "position": null
          },
          {
            "key": "itsm",
            "title": "Cloud Infrastructure Monitoring",
            "position": null
          },
          {
            "key": "logs",
            "title": "Log Management",
            "position": null
          },
          {
            "key": "fullmonitor",
            "title": "Full Monitoring",
            "position": null
          },
          {
            "key": "apm",
            "title": "APM",
            "position": 10
          }
        ]
      }
    }
  },
  {
    "key": "security",
    "position": 24,
    "title": "IT Security",
    "linkedFrom": {
      "catalogCollection": {
        "items": [
          {
            "key": "softwarechain",
            "title": "Software supply chain",
            "position": 11
          },
          {
            "key": "teampassm",
            "title": "Password Management",
            "position": 1
          },
          {
            "key": "access-control",
            "title": "Access Control",
            "position": 10
          },
          {
            "key": "security-detection",
            "title": "Detection and Monitor",
            "position": 10
          },
          {
            "key": "firewall",
            "title": "Firewall",
            "position": 10
          },
          {
            "key": "pam",
            "title": "Privileged Access Management",
            "position": 10
          }
        ]
      }
    }
  },
  {
    "key": "communication",
    "position": 6,
    "title": "Communication",
    "linkedFrom": {
      "catalogCollection": {
        "items": [
          {
            "key": "chat",
            "title": "Chat",
            "position": null
          },
          {
            "key": "email",
            "title": "Email Server",
            "position": 1
          },
          {
            "key": "meeting",
            "title": "Meeting",
            "position": 10
          }
        ]
      }
    }
  },
  {
    "key": "cms",
    "position": 5,
    "title": "Content Management",
    "linkedFrom": {
      "catalogCollection": {
        "items": [
          {
            "key": "website",
            "title": "Website Builder",
            "position": 1
          },
          {
            "key": "elearning",
            "title": "eLearning",
            "position": 5
          },
          {
            "key": "kms",
            "title": "Knowledge Management",
            "position": 3
          },
          {
            "key": "ecommerce",
            "title": "eCommerce",
            "position": 2
          },
          {
            "key": "community",
            "title": "Online Community",
            "position": 4
          },
          {
            "key": "headless-cms",
            "title": "Headless CMS",
            "position": 10
          }
        ]
      }
    }
  },
  {
    "key": "create",
    "position": 4,
    "title": "Design & Create",
    "linkedFrom": {
      "catalogCollection": {
        "items": [
          {
            "key": "virtual-reality",
            "title": "Virtual Reality",
            "position": 10
          },
          {
            "key": "industrial-design",
            "title": "Industrial Design",
            "position": 10
          },
          {
            "key": "whiteboard-and-note",
            "title": "Whiteboard and Note",
            "position": 10
          },
          {
            "key": "dcreativity",
            "title": "Digital creativity",
            "position": 10
          },
          {
            "key": "low-code",
            "title": "Low Code and No Code",
            "position": 12
          }
        ]
      }
    }
  },
  {
    "key": "collaboration",
    "position": 7,
    "title": "Collaboration & Office",
    "linkedFrom": {
      "catalogCollection": {
        "items": [
          {
            "key": "agile",
            "title": "Agile Boards",
            "position": 10
          },
          {
            "key": "task",
            "title": "Task Collaboration",
            "position": null
          },
          {
            "key": "document",
            "title": "Document Collaboration",
            "position": null
          },
          {
            "key": "pm-task",
            "title": "Project and Task",
            "position": 1
          },
          {
            "key": "teampassm",
            "title": "Password Management",
            "position": 1
          },
          {
            "key": "cloud-workspaces",
            "title": "Cloud Workspaces",
            "position": 10
          }
        ]
      }
    }
  }
]
